end_date,year,quarter,segment,revenue,operating_income,segment_operating_margin,treatment_period,is_qtl,limbo_dummy,finalized_dummy,qtl_x_limbo,qtl_x_finalized
2014-03-31,2014,1,QCT,5322.5,1329.02,24.97,Pre-treatment,0,0,0,0,0
2014-07-01,2014,3,QCT,5364.06,1420.74,26.49,Pre-treatment,0,0,0,0,0
2014-10-01,2014,4,QCT,7654.23,2013.93,26.31,Pre-treatment,0,0,0,0,0
2014-12-31,2014,4,QCT,3910.16,914.67,23.39,Pre-treatment,0,0,0,0,0
2015-03-31,2015,1,QCT,4404.81,950.91,21.59,Pre-treatment,0,0,0,0,0
2015-07-01,2015,3,QCT,6534.98,1349.05,20.64,Pre-treatment,0,0,0,0,0
2015-10-01,2015,4,QCT,6451.81,1391.26,21.56,Pre-treatment,0,0,0,0,0
2015-12-31,2015,4,QCT,7832.14,1524.01,19.46,Pre-treatment,0,0,0,0,0
2016-03-31,2016,1,QCT,5109.45,837.84,16.4,Pre-treatment,0,0,0,0,0
2016-07-01,2016,3,QCT,3757.9,700.59,18.64,Pre-treatment,0,0,0,0,0
2016-10-01,2016,4,QCT,4209.61,1082.5,25.71,Pre-treatment,0,0,0,0,0
2016-12-31,2016,4,QCT,7394.05,1824.13,24.67,Pre-treatment,0,0,0,0,0
2017-03-31,2017,1,QCT,4157.61,1045.4,25.14,Limbo,0,1,0,0,0
2017-07-01,2017,3,QCT,7369.41,1908.35,25.9,Limbo,0,1,0,0,0
2017-10-01,2017,4,QCT,3804.15,790.64,20.78,Limbo,0,1,0,0,0
2017-12-31,2017,4,QCT,5812.03,1332.93,22.93,Limbo,0,1,0,0,0
2018-03-31,2018,1,QCT,5553.63,1152.66,20.76,Limbo,0,1,0,0,0
2018-07-01,2018,3,QCT,6711.78,1833.52,27.32,Limbo,0,1,0,0,0
2018-10-01,2018,4,QCT,3965.22,946.3,23.87,Limbo,0,1,0,0,0
2018-12-31,2018,4,QCT,3520.99,820.74,23.31,Limbo,0,1,0,0,0
2019-03-31,2019,1,QCT,6041.19,1494.2,24.73,Limbo,0,1,0,0,0
2019-07-01,2019,3,QCT,5182.21,1251.58,24.15,Limbo,0,1,0,0,0
2019-10-01,2019,4,QCT,4923.65,1289,26.18,Limbo,0,1,0,0,0
2019-12-31,2019,4,QCT,6707.61,1740.2,25.94,Limbo,0,1,0,0,0
2020-03-31,2020,1,QCT,3873.59,853.47,22.03,Limbo,0,1,0,0,0
2020-07-01,2020,3,QCT,6689.11,1532.9,22.92,Limbo,0,1,0,0,0
2020-10-01,2020,4,QCT,3780.18,835.22,22.09,Limbo,0,1,0,0,0
2020-12-31,2020,4,QCT,3742.56,608.1,16.25,Limbo,0,1,0,0,0
2021-03-31,2021,1,QCT,6177.34,975.56,15.79,Limbo,0,1,0,0,0
2021-07-01,2021,3,QCT,7194.76,1367.1,19,Limbo,0,1,0,0,0
2021-10-01,2021,4,QCT,6985.66,1314.7,18.82,Limbo,0,1,0,0,0
2021-12-31,2021,4,QCT,3634.48,1011.88,27.84,Limbo,0,1,0,0,0
2022-03-31,2022,1,QCT,6026.96,940.67,15.61,Limbo,0,1,0,0,0
2022-07-01,2022,3,QCT,4064.08,1083.49,26.66,Limbo,0,1,0,0,0
2022-10-01,2022,4,QCT,5392.81,842.57,15.62,Limbo,0,1,0,0,0
2022-12-31,2022,4,QCT,5741.91,1419.67,24.72,Limbo,0,1,0,0,0
2023-03-31,2023,1,QCT,3992.72,735.87,18.43,Limbo,0,1,0,0,0
2023-07-01,2023,3,QCT,7133.82,1221.61,17.12,Finalized,0,0,1,0,0
2023-10-01,2023,4,QCT,7420.03,1327.69,17.89,Finalized,0,0,1,0,0
2023-12-31,2023,4,QCT,6354.42,1722.28,27.1,Finalized,0,0,1,0,0
2024-03-31,2024,1,QCT,8200.59,2200.99,26.84,Finalized,0,0,1,0,0
2024-07-01,2024,3,QCT,6124.44,1357.28,22.16,Finalized,0,0,1,0,0
2024-10-01,2024,4,QCT,4854.08,1040.76,21.44,Finalized,0,0,1,0,0
2024-12-31,2024,4,QCT,6648.55,1111.27,16.71,Finalized,0,0,1,0,0
2025-03-31,2025,1,QCT,4810.91,774.06,16.09,Finalized,0,0,1,0,0
2025-07-01,2025,3,QCT,4215.41,739.7,17.55,Finalized,0,0,1,0,0
2025-10-01,2025,4,QCT,5556.12,1483.75,26.7,Finalized,0,0,1,0,0
2025-12-31,2025,4,QCT,3999.75,875.06,21.88,Finalized,0,0,1,0,0
2014-03-31,2014,1,QTL,1868.54,1268.18,67.87,Pre-treatment,1,0,0,0,0
2014-07-01,2014,3,QTL,1254.15,881.71,70.3,Pre-treatment,1,0,0,0,0
2014-10-01,2014,4,QTL,1710.91,1153.01,67.39,Pre-treatment,1,0,0,0,0
2014-12-31,2014,4,QTL,1612.85,1224.95,75.95,Pre-treatment,1,0,0,0,0
2015-03-31,2015,1,QTL,1377.75,1103.54,80.1,Pre-treatment,1,0,0,0,0
2015-07-01,2015,3,QTL,1106.53,777.69,70.28,Pre-treatment,1,0,0,0,0
2015-10-01,2015,4,QTL,1354.24,974.63,71.97,Pre-treatment,1,0,0,0,0
2015-12-31,2015,4,QTL,1269.22,853.72,67.26,Pre-treatment,1,0,0,0,0
2016-03-31,2016,1,QTL,1699.72,1347.63,79.29,Pre-treatment,1,0,0,0,0
2016-07-01,2016,3,QTL,1449.61,1117.93,77.12,Pre-treatment,1,0,0,0,0
2016-10-01,2016,4,QTL,1475.71,973.98,66,Pre-treatment,1,0,0,0,0
2016-12-31,2016,4,QTL,1355.82,1095.8,80.82,Pre-treatment,1,0,0,0,0
2017-03-31,2017,1,QTL,1553.61,1041.85,67.06,Limbo,1,1,0,1,0
2017-07-01,2017,3,QTL,1551.74,1047.25,67.49,Limbo,1,1,0,1,0
2017-10-01,2017,4,QTL,1105.98,732.15,66.2,Limbo,1,1,0,1,0
2017-12-31,2017,4,QTL,2102.11,1407.95,66.98,Limbo,1,1,0,1,0
2018-03-31,2018,1,QTL,1904.31,1355.62,71.19,Limbo,1,1,0,1,0
2018-07-01,2018,3,QTL,1744.73,1342.56,76.95,Limbo,1,1,0,1,0
2018-10-01,2018,4,QTL,1331.54,919.5,69.06,Limbo,1,1,0,1,0
2018-12-31,2018,4,QTL,1930.31,1392.9,72.16,Limbo,1,1,0,1,0
2019-03-31,2019,1,QTL,1508.32,1080.21,71.62,Limbo,1,1,0,1,0
2019-07-01,2019,3,QTL,1578.06,1261.6,79.95,Limbo,1,1,0,1,0
2019-10-01,2019,4,QTL,1190.15,973.69,81.81,Limbo,1,1,0,1,0
2019-12-31,2019,4,QTL,2121.52,1430.41,67.42,Limbo,1,1,0,1,0
2020-03-31,2020,1,QTL,1671.15,1362.3,81.52,Limbo,1,1,0,1,0
2020-07-01,2020,3,QTL,2168.99,1772.48,81.72,Limbo,1,1,0,1,0
2020-10-01,2020,4,QTL,2154.1,1616.78,75.06,Limbo,1,1,0,1,0
2020-12-31,2020,4,QTL,1675.5,1321.25,78.86,Limbo,1,1,0,1,0
2021-03-31,2021,1,QTL,1914.71,1257.92,65.7,Limbo,1,1,0,1,0
2021-07-01,2021,3,QTL,2153.57,1648.92,76.57,Limbo,1,1,0,1,0
2021-10-01,2021,4,QTL,1428.26,999.55,69.98,Limbo,1,1,0,1,0
2021-12-31,2021,4,QTL,1722.68,1246.93,72.38,Limbo,1,1,0,1,0
2022-03-31,2022,1,QTL,1539.42,1186.32,77.06,Limbo,1,1,0,1,0
2022-07-01,2022,3,QTL,1793.39,1424.63,79.44,Limbo,1,1,0,1,0
2022-10-01,2022,4,QTL,1729.62,1265.86,73.19,Limbo,1,1,0,1,0
2022-12-31,2022,4,QTL,2065.7,1692.41,81.93,Limbo,1,1,0,1,0
2023-03-31,2023,1,QTL,1895.93,1465.08,77.28,Limbo,1,1,0,1,0
2023-07-01,2023,3,QTL,1304.88,941.3,72.14,Finalized,1,0,1,0,1
2023-10-01,2023,4,QTL,1889.93,1443.91,76.4,Finalized,1,0,1,0,1
2023-12-31,2023,4,QTL,1325.18,965.01,72.82,Finalized,1,0,1,0,1
2024-03-31,2024,1,QTL,1235.94,832.17,67.33,Finalized,1,0,1,0,1
2024-07-01,2024,3,QTL,1959.89,1504.69,76.77,Finalized,1,0,1,0,1
2024-10-01,2024,4,QTL,1225.68,969.38,79.09,Finalized,1,0,1,0,1
2024-12-31,2024,4,QTL,1782.52,1355.32,76.03,Finalized,1,0,1,0,1
2025-03-31,2025,1,QTL,1322.46,1004.58,75.96,Finalized,1,0,1,0,1
2025-07-01,2025,3,QTL,2114.12,1576.33,74.56,Finalized,1,0,1,0,1
2025-10-01,2025,4,QTL,1937.87,1523.75,78.63,Finalized,1,0,1,0,1
2025-12-31,2025,4,QTL,1478.02,985.76,66.69,Finalized,1,0,1,0,1
